{
    "uvs": [[0.076412,0.210847,0.235933,0.210847,0.235933,0.37258,0.076412,0.37258,0.737583,0.210847,0.737583,0.37258,0.897105,0.210847,0.897105,0.37258,0.279272,0.522923,0.279273,0.954532,0.267824,0.954557,0.267824,0.522948,0.104034,0.954557,0.104034,0.522949,0.443063,0.954532,0.279273,0.954532,0.279272,0.522923,0.443063,0.522923]],
    "vertices": [-6.82075,0,-2e-06,-6.82075,0.194971,-2.8e-05,-6.82075,-0.000415,-3.63919,-6.82075,0.194556,-3.63921,7.54289,0,-2e-06,7.54289,0.194971,-2.8e-05,7.54289,-0.000415,-3.63919,7.54289,0.194556,-3.63921],
    "metadata": {
        "uvs": 1,
        "vertices": 8,
        "type": "Geometry",
        "normals": 8,
        "faces": 6,
        "generator": "io_three",
        "version": 3
    },
    "normals": [-0.577349,-0.57741,-0.577258,-0.577349,-0.577258,0.57741,-0.577349,0.57741,0.577258,-0.577349,0.577258,-0.57741,0.577349,0.577258,-0.57741,0.577349,-0.57741,-0.577258,0.577349,0.57741,0.577258,0.577349,-0.577258,0.57741],
    "faces": [41,2,0,1,3,2,3,0,1,0,1,2,3,41,3,7,6,2,1,4,5,2,3,4,5,0,41,7,5,4,6,4,6,7,5,4,6,7,5,41,0,4,5,1,10,11,8,9,1,7,6,2,41,0,2,6,4,10,12,13,11,1,0,5,7,41,5,7,3,1,14,15,16,17,6,4,3,2],
    "name": "Cube.001Geometry.1"
}